 Image,RA,DEC,Simple,Dust strip,Bulge,Overlap,Irregular,X-type,Interacting
,164.93822,17.65043,1,0,-1,1,-1,-1,-1
,344.20397,-8.97081,-1,1,1,1,-1,-1,-1
,344.00746,12.76645,-1,1,0,-1,-1,1,-1
,236.37072,26.60305,-1,1,1,-1,-1,1,-1
,148.33428,0.69774,-1,1,1,-1,-1,0,-1
,217.72680,1.27764,-1,1,0,-1,-1,-1,-1
,349.4782,22.75278,-1,1,-1,-1,0,-1,-1
,352.05355,27.68941,-1,1,1,-1,-1,-1,-1
,350.62813,11.89211,-1,1,1,-1,-1,-1,-1
,40.19403,1.34307,-1,1,1,-1,-1,-1,-1
,211.21412,10.80858,-1,0,1,-1,-1,-1,-1
,123.48850,52.64846,-1,1,1,-1,-1,-1,-1
,342.02712,28.29270,-1,1,1,-1,-1,1,-1
,329.53163,1.00948,-1,1,-1,-1,-1,-1,-1
,113.91132,66.41424,-1,1,-1,-1,-1,1,-1
,40.88555,31.78654,-1,1,-1,-1,-1,-1,-1
,67.24822,-9.11307,-1,1,1,-1,-1,0,-1
,339.88373,8.61286,-1,1,1,-1,-1,1,-1
,136.30504,-0.49663,-1,1,0,-1,-1,-1,-1
,27.35350,21.99736,-1,1,1,-1,-1,-1,-1
,21.34959,31.49341,-1,1,1,-1,-1,0,-1
,185.42483,14.59907,-1,1,-1,-1,-1,0,-1
,96.48167,64.74076,-1,1,1,-1,0,-1,-1
,52.53972,-5.52164,-1,1,-1,0,-1,-1,0
-5.52164,8.12877,2.57476,1,-1,-1,-1,-1,-1,-1
,2.60945,28.98825,-1,1,-1,-1,-1,0,-1
,192.41739,15.17642,-1,1,-1,-1,-1,1,-1
,38.22448,23.32736,-1,1,-1,-1,1,-1,-1
,195.53101,58.69820,1,-1,-1,-1,-1,-1,-1
,300.49670,59.57033,-1,1,1,-1,-1,-1,-1
,182.95725,1.71643,-1,1,1,-1,-1,-1,-1
,340.39243,1.07104,-1,1,-1,-1,-1,1,-1
,51.46771,40.74864,-1,1,-1,-1,-1,1,-1
,340.06267,19.02598,-1,1,1,-1,-1,-1,-1
,179.85166,-0.41097,-1,1,-1,-1,-1,-1,-1
,345.72357,26.01480,-1,1,-1,-1,1,-1,-1
,308.84921,-6.24577,-1,1,0,-1,-1,-1,-1
,183.83397,-0.39805,1,-1,-1,-1,-1,-1,-1
,349.24515,3.70977,-1,1,0,-1,-1,0,-1
,65.27671,37.07980,-1,1,1,-1,-1,1,-1
,221.23298,1.95500,-1,1,1,-1,-1,1,-1
,0.81134,16.14485,-1,1,1,-1,-1,0,-1
,46.88810,18.41920,-1,1,-1,-1,-1,1,-1
,156.62179,20.23355,-1,1,-1,-1,-1,1,-1
,237.17127,21.86910,-1,1,1,-1,-1,-1,-1
,344.18303,1.85805,-1,1,1,-1,-1,-1,-1
,50.52096,42.17514,1,-1,-1,-1,-1,-1,-1
,6.44870, -2.28455,-1,1,0,-1,0,-1,-1
,210.17935, -12.36987,-1,1,1,-1,-1,-1,-1
,2.17760,37.44733,-1,1,1,-1,-1,1,-1
,353.93178,32.38507,-1,-1,-1,-1,1,-1,-1
,320.07330,-1.68439,-1,1,0,-1,-1,-1,-1
,130.81658,13.08663,-1,1,1,-1,-1,-1,-1
,244.75772,15.76386,-1,1,-1,-1,-1,-1,-1
,185.63901,1.02034,-1,1,1,-1,-1,1,-1
,151.12292,14.76920,-1,1,1,-1,-1,-1,-1
,20.57866,6.47781,-1,1,1,-1,-1,0,-1
,223.96831,24.71975,-1,1,1,0,-1,-1,-1
,0.23314,20.33832,-1,1,1,-1,-1,-1,-1
,0.81134,16.14485,-1,1,1,-1,-1,0,-1
,9.66574,17.40310,-1,1,1,-1,-1,1,-1
,145.38476,11.41340,-1,1,1,-1,-1,0,-1
,339.88365,8.61287,-1,1,1,-1,-1,1,-1
,351.00591,20.68696,-1,1,1,-1,-1,1,-1
,324.35520,-7.14913,1,0,-1,-1,-1,-1,-1
,48.82503,42.18275,-1,1,1,-1,-1,-1,-1
,71.65550,0.62105,-1,1,-1,-1,-1,-1,-1
,352.83364,9.20761,-1,1,-1,-1,-1,-1,-1
,333.32087,16.49456,-1,1,1,-1,-1,0,-1
,5.16690,6.87335,-1,1,-1,-1,-1,0,-1
,344.71064,21.69189,-1,1,-1,-1,-1,0,-1
,347.95974,31.02104,-1,1,1,-1,-1,0,-1
,102.95065,27.48071,-1,1,-1,-1,-1,-1,-1
,233.67734,8.33559,-1,1,-1,-1,-1,0,-1
,53.59136,40.91944,-1,1,0,-1,-1,-1,-1
,48.80553,-7.27073,-1,1,-1,-1,0,-1,-1
,164.32691,-20.11947,1,-1,-1,-1,-1,-1,-1
,169.95467,0.74316,-1,1,1,-1,-1,-1,-1
,57.13575,35.15005,-1,1,-1,-1,-1,1,-1
,348.30492,6.43030,-1,1,1,-1,-1,-1,-1
,9.49003,5.14771,1,-1,-1,-1,-1,-1,-1
,131.09124,9.53731,1,-1,-1,-1,-1,-1,-1
,339.30603,11.95083,1,-1,0,-1,-1,-1,-1
,2.33549,15.54293,-1,-1,0,-1,-1,-1,-1
,31.55181,29.96629,-1,-1,1,-1,-1,0,-1
,79.44152, -1.18675,-1,1,-1,-1,-1,-1,-1
,349.54249,10.25095,-1,1,0,1,-1,-1,-1
,186.42321,7.22890,-1,1,-1,-1,-1,-1,-1
,0.23309,20.33833,-1,1,-1,-1,-1,0,-1
,135.43166,60.15736,1,-1,-1,-1,-1,-1,-1
,26.53302,23.51672,-1,1,0,-1,-1,1,-1
,242.65403,29.51320,-1,1,1,-1,-1,1,-1
,41.58480,44.95206,-1,1,1,-1,0,-1,-1
,17.26480,16.93476,1,-1,0,-1,-1,-1,-1
,52.84114,39.42617,-1,1,1,-1,-1,1,-1
,346.18606,8.75795,-1,1,0,-1,0,-1,-1
,312.46762, -7.02175,-1,1,-1,-1,0,-1,-1
,13.03674,14.50343,1,-1,-1,-1,-1,-1,-1
,3.42071,5.97756,-1,1,0,-1,-1,0,-1
,309.62620,7.41625,-1,1,0,-1,-1,-1,-1
,28.20369, -3.44666,-1,1,1,-1,-1,-1,-1
,343.83377,28.34649,1,0,-1,-1,-1,-1,-1
,4.93619,15.85847,-1,0,-1,-1,-1,-1,-1
,28.20366,-3.44636,-1,1,0,-1,-1,0,-1
,29.44907,-14.84396,1,0,-1,-1,-1,-1,-1
,122.54700,24.89303,1,-1,-1,-1,-1,-1,-1
,350.78785,20.06656,-1,1,1,-1,-1,-1,-1
,10.44317,-2.34102,-1,1,-1,-1,-1,0,-1
,248.72078,26.13779,-1,1,1,-1,-1,1,-1
,31.29222,24.66596,1,-1,-1,-1,-1,-1,-1
,221.86861,1.02625,-1,1,0,-1,-1,0,-1
,56.73106, -11.80613,1,-1,-1,-1,0,-1,-1
,6.44879,-2.28439,1,-1,-1,-1,-1,-1,-1
,179.89775,0.18735,1,-1,0,-1,-1,-1,-1
,166.66004, -0.75631,1,-1,0,-1,-1,-1,-1
,36.68810,22.75128,-1,1,-1,-1,-1,1,-1
,181.93035,-1.61590,1,-1,-1,-1,-1,-1,-1
,149.05520,37.07442,1,-1,-1,-1,-1,-1,-1
,348.45982,22.16065,-1,-1,1,-1,-1,-1,-1
,18.53452,-1.92049,1,-1,-1,-1,-1,-1,-1
,40.19400,1.34305,-1,1,1,-1,-1,-1,-1
,348.92812,8.92765,-1,1,1,-1,0,-1,-1
,55.73351,-12.91610,-1,1,-1,-1,-1,-1,-1
,39.67642,6.90911,-1,1,-1,-1,-1,1,-1
,52.28142,4.24347,-1,1,1,-1,1,-1,-1
,78.87362,-1.49390,-1,-1,1,-1,-1,1,-1
,323.13277,4.39880,-1,1,0,0,-1,1,-1
,185.25939,3.72215,-1,1,-1,-1,-1,1,-1
,351.30067,22.99276,-1,1,1,-1,-1,0,-1
,349.54246,10.25100,-1,1,1,0,-1,1,-1
,211.62915,6.02762,-1,1,-1,-1,-1,-1,-1
,128.21922, -4.45662,-1,1,-1,-1,-1,-1,-1
,229.95325,48.71735,-1,1,0,1,-1,-1,-1
,255.11357,-4.65853,1,0,-1,-1,-1,-1,-1
,349.660081021964,-10.4081048415646,-1,1,1,-1,1,-1,-1
,180.96362386,1.13035586,1,-1,0,-1,-1,-1,-1
,39.0240231879078,21.609619829367,1,0,-1,-1,-1,-1,-1
,339.159450825634,18.7039334215273,-1,1,-1,-1,-1,-1,-1
,193.1020869,7.18149436,1,-1,-1,-1,-1,-1,-1
,13.5065554869503,7.39445343004436,-1,1,1,-1,-1,-1,-1
,29.0510629454738,-9.65319357264779,-1,1,1,-1,-1,-1,-1
,4.1560974208931,6.76711215943698,-1,0,-1,-1,1,-1,-1
,329.104072972258,30.7881058960381,-1,1,0,-1,-1,0,-1
,29.3431306735258,6.76820077424182,-1,1,-1,-1,-1,-1,-1
,350.879548320911,17.4220976990168,-1,1,1,-1,-1,-1,-1
,15.4121199670077,-6.19206602070838,-1,1,1,-1,-1,-1,-1
,1.13467934530962,8.1048833416647,-1,1,1,-1,-1,-1,-1
,77.0504139177455,-3.93352744338663,1,0,-1,-1,-1,-1,-1
,254.425960593603,28.1788186835992,-1,1,1,-1,-1,0,-1
,133.71597858246415,58.35590228417101,1,-1,-1,-1,1,-1,-1
,44.5651758405232,36.5003148612078,-1,1,1,-1,-1,0,-1
,224.4066615256946,32.836359867843925,1,-1,-1,-1,1,-1,-1
,332.1647953358014,-3.35330724409655,-1,1,1,-1,-1,1,-1
,345.616188878064,8.24652118002344,-1,1,1,-1,1,-1,-1
,76.7344407590021,26.7614693058452,-1,0,1,-1,-1,0,-1
,320.818542786001,8.8888024886757,-1,1,0,-1,0,-1,-1
,347.690030348421,28.1394124156523,-1,1,1,-1,-1,1,-1
,133.68792165,-1.88620954,-1,1,1,-1,-1,0,-1
,37.0150232670298,26.2929947338806,-1,1,1,-1,-1,0,-1
,2.26811050839501,10.9186754691964,-1,1,1,-1,-1,0,-1
,349.245194026008,3.70976800992352,-1,1,1,-1,0,0,-1
,342.545596422846,30.3627309903596,-1,0,1,-1,-1,0,-1
,26.850315873917,-7.1770132515062,-1,1,1,-1,-1,-1,-1
,357.973696243303,38.4008362599158,-1,1,1,-1,-1,-1,-1
,185.11525606,1.46974407,1,-1,-1,-1,-1,-1,-1
,74.84779532290985,-1.159379895719544,-1,1,-1,-1,1,-1,-1
,119.928703887013,-9.69401359338389,-1,-1,1,1,-1,-1,-1
,255.711981858165,-3.47198498471235,-1,1,1,-1,1,-1,-1
,3.8920174022630785,-3.060655763382687,-1,-1,1,-1,-1,-1,-1
,132.30389875,2.61498008,1,-1,-1,-1,0,-1,-1
,22.448181948191426,-6.980237442602828,-1,1,1,-1,-1,0,-1
,268.953805652176,8.28055025709706,-1,-1,1,-1,1,-1,-1
,333.723654882157,-2.28563332062444,-1,1,1,-1,-1,0,-1
,303.07729,9.48696,-1,-1,1,-1,-1,0,-1
,127.85559,-4.24141,-1,1,1,-1,-1,0,-1
,219.02372,-4.94039,-1,1,1,-1,-1,1,-1
,72.19018,-5.12560,1,-1,-1,-1,1,-1,-1
,348.92812,8.92765,-1,1,1,-1,1,-1,1
,5.24970,7.62207,-1,1,1,-1,1,-1,-1
,72.68466,-5.41870,-1,1,-1,-1,-1,-1,-1
,354.01692,0.07962,-1,1,-1,-1,1,1,1
,232.33236,3.60127,-1,1,1,-1,-1,1,-1
,349.13092,20.77137,-1,1,1,-1,-1,1,-1
,30.45563,7.48697,-1,1,1,-1,-1,0,-1
,335.75404,2.93315,-1,-1,1,-1,1,-1,1
,176.11915,10.78379,-1,1,1,-1,-1,1,-1
,54.28593,6.57929,-1,1,1,-1,-1,-1,-1
,67.24822,-9.11310,-1,1,1,-1,-1,1,-1
,165.48140,47.09497,-1,1,1,-1,-1,0,-1
,185.82175,11.36756,1,-1,-1,-1,-1,-1,-1
,61.02397,20.04426,-1,1,1,-1,-1,1,-1
,242.24297,36.61093,-1,1,0,-1,1,-1,-1
,36.13168,31.61519,1,-1,-1,1,-1,-1,-1
,133.15844,-2.60320,-1,1,1,-1,-1,1,-1
,7.86743,-19.76155,1,-1,-1,-1,0,-1,-1
,348.30492,6.43029,-1,1,1,-1,1,-1,-1
,39.13190,7.30950,-1,1,1,-1,-1,-1,-1
,20.54712,33.44210,1,-1,-1,-1,-1,-1,-1
,276.01030,65.30622,-1,1,1,-1,-1,0,-1
,42.56064,0.09441,1,-1,-1,-1,-1,-1,0
,177.55423,6.99794,1,-1,-1,-1,0,-1,-1
,122.91811,29.27502,-1,-1,1,-1,-1,-1,-1
,190.63440,-5.60441,-1,1,1,-1,-1,0,-1
,9.33832,29.14934,1,-1,-1,-1,-1,-1,-1
,320.58032,2.27651,-1,1,1,-1,1,-1,-1
,284.10713,39.89464,-1,-1,1,-1,-1,-1,-1
,10.50270,-9.83444,1,-1,-1,-1,-1,-1,-1
,21.83854,11.97564,-1,1,1,-1,0,-1,0
,56.40086,-7.47197,-1,1,1,-1,1,0,1
,102.95595,29.97966,-1,1,1,-1,1,-1,-1
,223.28726,11.74574,1,-1,-1,-1,-1,-1,-1
,180.93601,1.69506,-1,-1,1,-1,-1,1,-1
,214.63841,2.06473,1,-1,-1,-1,-1,-1,-1
,223.58396,14.57633,-1,1,1,-1,-1,1,-1
,3.99511,11.96507,-1,1,-1,-1,-1,-1,-1
,164.69552,5.51943,-1,1,1,-1,-1,0,-1
,10.86867,-6.34883,-1,1,1,-1,-1,-1,-1
,177.35066,-0.87112,-1,1,1,-1,-1,0,-1
,230.42241,10.28686,-1,1,1,-1,-1,1,-1
,5.16687,6.87330,-1,1,0,-1,-1,1,-1
,47.99943,-1.16165,-1,1,1,-1,0,-1,-1
,168.56132,-14.68991,1,-1,-1,-1,-1,-1,-1
,152.89535,69.25810,-1,1,1,-1,-1,-1,-1
,119.44253,32.57623,1,-1,-1,-1,0,-1,-1
,349.69463,7.41785,1,-1,0,-1,-1,0,-1
,260.23913,42.15547,-1,1,1,-1,-1,0,-1
,213.75726,-0.85981,-1,1,1,-1,-1,0,-1
,213.75726,-0.86013,-1,1,1,-1,1,0,-1
,161.34474,1.12439,-1,-1,-1,-1,1,-1,-1
,204.54000,14.92005,-1,-1,1,-1,-1,1,-1
,5.24585,6.36470,-1,1,1,-1,-1,0,-1
,352.97104,-0.82637,1,0,-1,-1,-1,-1,-1
,155.84144,9.93750,-1,-1,1,-1,-1,1,-1
,31.18762,21.43466,-1,1,1,-1,-1,1,-1
,231.62630,41.28954,-1,-1,-1,-1,1,-1,-1
,73.76570,-4.09557,-1,1,-1,-1,-1,-1,-1
,263.98773,22.80221,1,-1,-1,-1,-1,-1,-1
,254.29844,77.14058,1,-1,-1,-1,-1,-1,-1
,210.06040,8.96705,-1,1,1,-1,-1,-1,-1
,249.15013,4.44485,-1,-1,-1,-1,1,-1,-1
,291.44752,78.66753,-1,1,1,-1,-1,0,-1
,245.69585,37.55453,-1,-1,1,-1,-1,-1,-1
,324.86146,2.82691,-1,1,-1,-1,-1,-1,-1
,135.47318,0.39555,-1,0,0,-1,1,-1,-1
,159.50774,6.78516,-1,-1,1,-1,1,-1,-1
,234.77880,9.29615,-1,1,1,-1,1,0,-1
,338.00881,1.17406,1,-1,-1,-1,-1,-1,-1
,247.28476,8.09035,-1,1,1,-1,-1,1,-1
,190.30389,18.60412,-1,-1,-1,-1,-1,1,-1
,132.72049,1.25008,-1,1,0,-1,-1,-1,-1
,36.15922,19.37611,-1,1,-1,-1,-1,-1,-1
,329.10802,30.78729,-1,1,0,-1,-1,-1,-1
,345.61585,11.63510,1,-1,-1,-1,-1,-1,-1
,0.82973,27.85081,-1,1,0,-1,-1,-1,-1
,359.43072,-3.59518,-1,1,0,-1,-1,-1,-1
,42.79212,-6.70627,-1,1,-1,-1,-1,-1,-1
,126.69420,0.40654,-1,0,1,-1,1,-1,-1
,343.18779,33.39754,-1,1,-1,-1,-1,-1,-1
,172.64799,-7.85764,-1,1,0,-1,-1,-1,-1
,38.27177,5.61333,-1,0,0,-1,-1,0,-1
,13.43514,24.33612,1,-1,-1,-1,-1,-1,-1
,33.03712,7.78825,-1,1,0,-1,-1,-1,-1
,357.50030,-7.08399,1,-1,-1,-1,-1,-1,-1
,150.39763,-2.99443,-1,0,1,-1,-1,1,-1
,118.76455,18.95644,1,-1,0,-1,-1,-1,-1
,315.70041,24.66742,-1,1,1,-1,-1,-1,-1
,79.44138,-1.18678,-1,1,-1,-1,-1,-1,-1
,191.06139,-16.30937,-1,1,0,-1,-1,1,-1
,11.78425,30.34122,-1,1,-1,-1,-1,-1,-1
,248.41472,13.68724,-1,0,1,-1,-1,-1,-1
,161.02664,24.15546,-1,1,1,-1,-1,-1,-1
,164.79478,1.60608,-1,1,1,-1,-1,1,-1
,151.17390,28.35668,-1,1,1,-1,-1,-1,-1
,213.56154,35.42366,-1,0,1,-1,-1,-1,-1
,36.94307,44.33481,-1,1,1,-1,-1,0,-1
,339.06195,1.41275,-1,-1,1,-1,-1,1,-1
,74.84774,-1.15942,-1,1,0,-1,1,0,-1
,77.50447,-0.76175,-1,1,1,-1,-1,0,-1
,243.54691,-0.85402,-1,1,1,-1,-1,-1,-1
,334.12777,12.32463,-1,1,-1,-1,-1,-1,-1
,305.96364,-1.22298,-1,1,1,-1,-1,-1,-1
,122.26370,16.67436,1,-1,-1,-1,-1,-1,-1
,236.31984,-19.62194,1,-1,-1,-1,-1,-1,-1
,103.65993,28.36379,-1,1,1,-1,-1,-1,-1
,228.00912,1.69759,-1,-1,-1,-1,1,-1,-1
,30.96921,-14.11828,-1,1,1,-1,-1,-1,1
,49.71831,-6.61654,1,-1,-1,-1,-1,-1,-1
,354.60820,15.94088,1,-1,0,-1,-1,-1,-1
,160.65611,79.10846,-1,1,-1,-1,-1,-1,-1
,347.14179,28.55190,-1,1,-1,-1,-1,-1,-1
,76.54793,-0.40549,-1,0,0,-1,-1,-1,-1
,78.54260,-6.14801,-1,1,1,-1,-1,1,-1
,186.00922,5.53157,-1,1,1,-1,-1,-1,-1
,337.50491,15.79201,-1,0,1,-1,1,-1,-1
,323.08780,-4.06205,1,0,-1,-1,-1,-1,-1
,158.73292,0.35780,-1,1,1,-1,-1,-1,-1
,248.42389,18.45385,-1,1,1,-1,-1,-1,-1
,143.94284,24.37903,-1,-1,1,-1,-1,1,-1
,15.49428,44.84611,-1,0,1,-1,-1,-1,-1
,56.53738,16.24802,-1,1,-1,-1,-1,-1,-1
,247.66340,41.21070,-1,1,1,-1,-1,-1,-1
,47.42773,41.44100,-1,1,0,-1,-1,-1,-1
,24.99554,13.78544,-1,1,1,-1,-1,-1,-1
,27.89578,-8.58797,-1,0,1,-1,-1,1,-1
,222.84646,4.83772,-1,1,1,-1,1,0,-1
,157.48434,23.61749,-1,0,1,-1,-1,1,-1
,244.01414,11.48090,-1,-1,1,-1,-1,-1,-1
,20.26226,33.89856,-1,1,1,-1,-1,0,-1
,56.23323,5.90525,-1,1,-1,-1,-1,-1,-1
,163.28179,25.65953,-1,1,1,-1,-1,-1,-1
,37.32337,-1.62064,-1,1,1,-1,-1,-1,-1
,43.60925,42.65007,1,-1,-1,-1,-1,-1,-1
,2.19020,-4.63259,1,-1,-1,-1,-1,-1,-1
,266.05654,20.04548,1,0,-1,-1,-1,-1,-1
,231.62353,41.29318,1,-1,-1,-1,-1,-1,-1
,56.40086,-7.47196,-1,1,1,-1,1,-1,1
,113.91068,66.41513,-1,1,0,-1,-1,1,-1
,26.54379,-9.78964,1,-1,-1,-1,-1,-1,-1
,20.03088,4.55936,-1,-1,0,-1,-1,-1,-1
,34.44518,-5.22258,-1,-1,1,-1,-1,-1,-1
,218.69450,3.34158,-1,1,1,1,-1,0,-1
,244.24400,27.61844,-1,-1,1,-1,-1,-1,-1
,251.21631,10.95281,-1,1,1,-1,-1,-1,-1
,129.15085,25.13699,-1,1,-1,-1,-1,-1,-1
,29.55427,13.55331,1,-1,-1,-1,-1,-1,-1
,355.53512,10.49572,1,0,0,-1,-1,-1,-1
,345.66140,-20.09495,-1,1,-1,-1,-1,-1,-1
,31.73619,21.82311,-1,1,1,-1,-1,1,-1
,113.17591,-13.90070,-1,1,1,-1,-1,-1,-1
,168.78699,2.59540,-1,1,1,-1,-1,-1,-1
,331.02156,-2.66548,1,-1,-1,-1,-1,-1,-1
,252.95345,78.75367,-1,-1,-1,-1,0,-1,-1
,347.32423,0.06444,-1,1,0,-1,-1,-1,-1
,320.07330,-1.68439,-1,1,1,-1,-1,-1,-1
,239.00710,4.76950,-1,-1,1,-1,-1,-1,-1
,326.16024,6.95997,-1,1,1,-1,-1,-1,-1
,340.67158,-0.05794,-1,1,1,-1,-1,1,-1
,314.84690,2.08798,-1,1,1,-1,1,-1,-1
,136.00379,-0.08924,-1,1,0,-1,1,-1,-1
,52.20329,40.16849,-1,-1,1,-1,-1,-1,-1
,21.68240,11.66703,-1,1,1,1,-1,-1,-1
,167.23196,26.61043,-1,1,1,1,-1,-1,-1
,225.10174,3.50194,-1,1,-1,1,-1,0,-1
,186.06313,8.53884,-1,1,-1,-1,-1,-1,-1
,113.94029,35.71742,-1,1,1,-1,-1,-1,-1
,346.38096,-9.01140,-1,1,1,-1,-1,-1,-1
,336.30027,-2.54706,-1,1,1,-1,-1,-1,-1
,24.44195,49.88263,1,-1,-1,-1,-1,-1,-1
,296.06173,77.77693,1,0,-1,-1,-1,-1,-1
,279.02032,20.20033,-1,1,-1,-1,-1,-1,-1
,16.47928,1.47776,-1,1,1,-1,-1,-1,-1
,21.41385,-8.80303,1,0,-1,-1,-1,-1,-1
,350.18200,1.19873,-1,1,1,-1,-1,-1,-1
,211.75270,14.88123,-1,1,1,-1,-1,-1,-1
,324.94456,-0.11298,-1,1,1,-1,-1,-1,-1
,337.95785,0.44711,-1,1,0,-1,-1,1,-1
,20.63377,-2.41011,-1,1,1,-1,-1,0,-1
,159.84524,0.56549,-1,1,1,-1,-1,0,-1
,348.89631,-2.59302,-1,-1,1,-1,-1,-1,-1
,124.57348,1.56054,-1,1,-1,-1,1,-1,-1
,341.15838,-4.95984,-1,1,-1,-1,-1,-1,-1
,280.54863,17.63552,-1,1,-1,0,-1,-1,-1
,40.60413,28.49330,1,0,-1,-1,-1,-1,-1
,9.59018,-7.81638,-1,1,-1,-1,-1,-1,-1
,350.87952,17.42209,-1,1,0,-1,-1,0,-1
,177.56837,-0.39629,-1,1,1,-1,-1,-1,-1
,236.46526,0.03522,-1,1,-1,-1,1,-1,-1
,26.02011,-7.49407,1,-1,-1,-1,-1,-1,-1
,243.72843,4.17431,1,-1,-1,0,-1,-1,-1
,251.95465,9.42469,1,-1,-1,-1,-1,-1,-1
,243.26281,-14.13436,-1,1,1,-1,-1,-1,-1
,102.43623,82.62883,-1,0,0,-1,-1,-1,-1
,189.99070,-8.06813,-1,1,1,-1,-1,-1,-1
,25.02352,-18.91121,-1,-1,1,-1,1,-1,-1
,103.51019,39.29167,-1,1,1,-1,-1,-1,-1
,72.91364,-5.64413,1,-1,-1,-1,-1,-1,-1
,43.25487,1.46194,-1,0,1,-1,-1,-1,-1
,22.20300,34.34576,1,-1,-1,-1,0,-1,-1
,28.64935,-3.67899,1,-1,-1,-1,-1,-1,-1
,168.41705,5.25778,1,-1,-1,-1,-1,-1,-1
,181.87340,8.24164,1,-1,-1,-1,-1,-1,-1
,357.50256,28.08575,-1,-1,0,-1,-1,0,-1
,327.94551,-3.48157,-1,1,0,-1,-1,-1,-1
,3.98086,16.00371,1,-1,-1,-1,0,-1,-1
,112.43329,33.68979,-1,0,-1,-1,1,-1,-1
,55.47145,17.82634,-1,0,-1,-1,-1,-1,-1
,303.90075,-0.98181,-1,0,0,-1,1,-1,-1
,153.90285,6.34782,-1,-1,-1,-1,1,-1,-1
,165.62834,0.87692,-1,-1,0,-1,0,-1,-1
,128.65238,4.48629,-1,1,1,-1,-1,-1,-1
,131.09122,9.53728,-1,-1,-1,-1,0,-1,-1
,131.07344,9.54062,1,-1,-1,0,-1,-1,-1
,101.26588,26.66662,-1,-1,1,-1,-1,-1,-1
,9.46930,16.50961,-1,1,0,-1,-1,-1,-1
,25.53495,13.41060,1,-1,-1,-1,-1,-1,-1
,36.36550,-6.04423,1,-1,-1,-1,-1,-1,-1
,52.00965,38.47685,-1,0,1,-1,-1,0,-1
,16.79791,-10.70560,-1,0,0,-1,-1,-1,-1
,44.49052,-3.06170,-1,1,-1,-1,1,-1,-1
,45.19031,43.69579,-1,0,1,-1,-1,-1,-1
,349.04199,26.00998,1,-1,-1,-1,-1,-1,-1
,170.77840,-8.97969,1,-1,-1,1,-1,-1,-1
,51.28236,5.23493,-1,1,-1,-1,-1,-1,-1
,44.68644,44.68383,-1,1,1,-1,-1,1,-1
,124.74036,59.65790,-1,1,-1,-1,-1,-1,-1
,53.04296,-27.72140,-1,0,-1,-1,-1,-1,-1
,31.31190,30.00470,1,-1,-1,-1,-1,-1,-1
,112.66334,15.12102,-1,1,-1,0,0,-1,-1
,26.37347,24.84068,-1,-1,1,1,-1,-1,-1
,281.84643,64.33841,-1,-1,1,-1,-1,-1,-1
,226.92697,6.88584,1,-1,-1,-1,-1,-1,-1
,146.51473,0.16836,-1,0,-1,1,-1,-1,-1
,338.70079,-0.42141,1,-1,-1,-1,-1,-1,-1
,159.84524,0.56550,-1,1,1,-1,-1,-1,-1
,17.15424,1.64128,1,-1,-1,-1,-1,-1,-1
,149.98504,26.28712,-1,1,0,-1,-1,-1,-1
,242.81830,24.49504,1,-1,-1,-1,-1,-1,-1
,339.35224,23.79832,-1,-1,1,-1,-1,1,-1
,130.30834,0.53137,-1,-1,1,-1,-1,-1,-1
,28.31402,-7.59732,-1,1,1,1,-1,-1,-1
,351.97294,7.92458,-1,1,1,-1,-1,-1,-1
,355.36536,-10.09469,-1,1,1,-1,-1,-1,-1
,138.61795,31.33263,-1,0,-1,-1,-1,-1,-1
,359.21695,-8.87464,-1,1,1,-1,-1,-1,-1
,258.67078,8.88076,1,-1,-1,-1,-1,-1,-1
,48.86047,41.07200,-1,1,0,-1,1,-1,-1
,20.54712,33.44210,1,-1,-1,-1,-1,-1,-1
,249.63352,9.14193,-1,0,-1,-1,-1,-1,-1
,214.80934,-19.09379,-1,1,1,-1,-1,0,-1
,349.89747,16.20825,-1,1,1,-1,-1,-1,-1
,223.08917,-6.27477,-1,1,1,-1,-1,-1,-1
,214.86790,11.24509,1,-1,-1,-1,-1,-1,-1
,189.86747,4.26786,-1,-1,1,-1,-1,-1,-1
,138.55830,7.74706,-1,1,1,-1,-1,0,-1
,14.53517,-6.25026,1,-1,-1,-1,-1,-1,-1
,182.63680,58.30414,-1,1,1,-1,-1,-1,-1
,217.14954,25.70881,-1,1,-1,-1,-1,-1,-1
,17.67417,3.61417,1,-1,-1,-1,-1,-1,-1
,341.81439,-7.95649,-1,1,1,-1,-1,-1,-1
,343.61098,18.68054,-1,0,1,-1,-1,-1,-1
,357.36209,30.77443,-1,0,-1,-1,-1,-1,-1
,335.02727,25.60585,-1,1,1,-1,0,0,-1
,333.38723,-3.25597,-1,1,1,-1,1,-1,-1
,267.46091,4.46487,-1,0,1,-1,-1,-1,-1
,270.20057,42.18628,-1,-1,1,-1,-1,-1,-1
,4.56621,6.79326,1,-1,-1,-1,-1,-1,-1
,315.28165,15.56848,1,-1,-1,-1,-1,-1,-1
,16.55577,16.04462,-1,0,1,-1,-1,-1,-1
,113.79872,19.99969,-1,1,1,-1,-1,-1,-1
,352.10817,49.90937,-1,-1,1,-1,-1,-1,-1
,28.34473,8.39682,-1,1,1,-1,-1,-1,-1
,326.16441,-6.68954,1,-1,-1,-1,-1,-1,-1
,116.75324,26.72119,-1,-1,-1,-1,0,-1,-1
,230.23830,3.38160,-1,-1,0,-1,-1,-1,-1
,134.51857,7.39473,-1,0,-1,-1,-1,-1,-1
,148.18275,10.00029,1,-1,-1,-1,-1,-1,-1
,359.77828,5.58381,-1,1,-1,-1,-1,-1,-1
,32.82515,23.91744,-1,0,1,-1,-1,-1,-1
,25.29373,52.75968,-1,0,0,-1,0,0,-1
,37.24519,-5.38963,-1,0,-1,-1,1,-1,-1
,2.33542,15.54290,-1,0,1,-1,-1,-1,-1
,357.26273,9.07183,-1,1,0,-1,-1,-1,-1
,166.15319,79.46070,-1,1,1,-1,1,-1,-1
,258.81582,43.76568,-1,-1,1,-1,-1,-1,-1
,341.71020,21.11479,-1,-1,1,-1,-1,-1,-1
,266.62126,18.87707,1,-1,-1,-1,-1,-1,-1
,27.63449,13.66171,1,-1,-1,-1,-1,-1,-1
,217.53967,9.61004,-1,1,1,-1,-1,0,-1
,47.52670,-15.74124,-1,0,1,-1,0,-1,-1
,328.78312,-9.22340,-1,0,-1,-1,-1,-1,-1
,2.20290,4.45611,-1,0,0,-1,1,-1,-1
,83.57810,2.04665,1,-1,-1,-1,-1,-1,-1
,60.13389,12.95935,-1,0,0,0,0,-1,-1
,350.92645,17.41692,-1,-1,1,-1,-1,-1,-1
,20.83294,19.21602,-1,-1,1,1,-1,-1,-1
,245.19671,63.12236,1,-1,-1,1,-1,-1,-1
,30.77166,2.61418,-1,1,1,-1,1,-1,-1
,300.49666,59.57035,-1,1,1,-1,-1,-1,-1
,334.21344,-9.01117,-1,-1,1,-1,-1,0,-1
,344.66435,19.06851,-1,1,-1,-1,-1,-1,-1
,184.92626,5.53835,-1,1,-1,-1,-1,-1,-1
,10.83996,-11.09627,1,-1,-1,-1,-1,-1,-1
,78.87360,-1.49390,-1,-1,1,-1,-1,0,-1
,14.38258,33.15683,1,-1,-1,-1,-1,-1,-1
,159.52568,0.20687,1,-1,-1,-1,-1,-1,-1
,28.36696,20.49292,-1,1,0,-1,-1,-1,-1
,5.57119,36.72909,-1,0,1,-1,-1,-1,-1
,346.85501,0.42315,-1,1,1,-1,-1,-1,-1
,353.01988,-2.37860,-1,1,1,-1,-1,-1,-1
,340.75453,0.93436,-1,1,-1,-1,-1,-1,-1
,329.11735,24.95675,-1,1,1,-1,-1,-1,-1
,118.08266,24.87900,1,-1,-1,-1,-1,-1,-1
,123.26537,24.56699,-1,0,1,0,1,-1,0
,238.68126,4.51695,-1,1,0,-1,-1,-1,-1
,249.30566,0.03467,-1,0,0,-1,-1,-1,-1
,132.72041,1.25011,-1,1,1,-1,0,-1,-1
,9.90679,8.96507,-1,1,1,-1,-1,-1,-1
,133.84928,0.85436,-1,-1,1,-1,-1,0,-1
,191.47477,18.18042,-1,-1,0,-1,-1,-1,-1
,260.90568,27.64161,-1,0,0,-1,0,0,-1
,210.29898,12.07517,-1,-1,0,-1,1,-1,0
,28.81591,10.01359,-1,1,0,-1,-1,-1,-1
,238.57983,0.54305,-1,-1,1,-1,-1,1,-1
,338.62698,1.56055,-1,1,-1,-1,1,-1,-1
,255.75816,26.73025,-1,1,-1,1,-1,-1,-1
,51.94991,40.03396,-1,0,-1,-1,1,-1,-1
,27.14505,23.54352,-1,0,1,-1,-1,-1,-1
,328.77875,21.72149,-1,1,1,-1,-1,-1,-1
,40.38831,6.73373,-1,0,-1,-1,-1,-1,-1
,190.88007,-14.33774,-1,1,1,-1,1,-1,-1
,20.11830,17.73073,-1,0,1,-1,-1,-1,-1
,41.24277,4.64755,-1,1,1,-1,-1,-1,-1
,44.55827,-4.49786,-1,1,-1,-1,-1,-1,-1
,350.07414,33.40906,-1,1,1,-1,-1,-1,-1
,340.83301,17.93409,-1,-1,1,-1,-1,-1,-1
,28.69441,-1.28242,-1,1,1,-1,-1,0,-1
,59.26092,17.06188,-1,1,1,-1,1,0,-1
,11.91529,29.74931,1,-1,-1,-1,-1,-1,-1
,3.60879,7.30008,1,-1,-1,-1,-1,-1,-1
,329.05776,-1.16207,1,-1,-1,-1,-1,-1,-1
,213.56154,35.42366,-1,1,1,-1,-1,-1,-1
,28.12038,-3.70529,-1,1,1,-1,1,-1,0
,3.12915,21.81303,-1,1,1,-1,-1,0,-1
,210.64794,9.11986,-1,1,1,-1,1,0,-1
,263.55376,28.09177,-1,0,-1,1,-1,-1,-1
,334.39833,9.87231,-1,1,1,-1,-1,-1,-1
,340.15600,17.89397,-1,1,1,-1,-1,-1,-1
,95.54540,46.55618,-1,0,-1,-1,-1,-1,-1
,8.82499,2.33074,-1,1,1,-1,-1,-1,-1
,247.34172,81.99224,-1,1,1,-1,-1,1,-1
,236.57957,-19.98565,-1,0,-1,-1,1,-1,-1
,207.13827,2.37353,-1,1,1,-1,-1,-1,-1
,342.64127,25.88410,-1,0,0,-1,-1,-1,-1
,349.56050,21.96010,-1,1,1,-1,-1,-1,-1
,31.38422,14.73313,-1,1,1,-1,1,1,-1
,108.59258,30.22743,-1,1,0,-1,0,-1,-1
,348.24254,15.11782,-1,1,1,-1,-1,-1,-1
,42.26505,-8.20700,-1,-1,1,1,-1,-1,-1
,53.07446,-27.84980,-1,1,-1,-1,-1,-1,-1
,47.15707,6.56304,-1,1,1,1,-1,-1,-1
,324.94455,-0.11300,-1,1,1,-1,-1,-1,-1
,307.71173,8.09154,-1,1,-1,-1,-1,-1,-1
,53.00590,39.62541,-1,1,0,-1,-1,-1,-1
,28.41341,10.28647,-1,1,1,1,-1,-1,-1
,358.31492,19.39168,-1,-1,-1,-1,1,-1,-1
,9.00131,-9.19460,-1,0,1,-1,-1,-1,-1
,240.78531,-1.94044,-1,0,-1,-1,-1,-1,-1
,186.14615,1.89235,-1,1,1,-1,-1,0,-1
,243.22074,2.99795,-1,1,1,-1,-1,-1,-1
,139.90033,26.87612,1,-1,-1,-1,-1,-1,-1
,245.85351,10.35343,-1,1,1,-1,-1,-1,-1
,359.43086,-3.59504,-1,1,1,-1,-1,-1,-1
,67.05988,1.05279,-1,1,-1,-1,-1,-1,-1
,340.76840,-3.78749,-1,0,0,-1,1,-1,-1
,69.80327,58.34562,-1,1,1,-1,1,0,-1
,358.96052,26.84884,-1,1,1,-1,-1,1,-1
,211.31631,-13.59975,-1,1,1,-1,-1,1,-1
,259.93548,41.80393,-1,1,1,-1,-1,-1,-1
,110.72624,34.41507,-1,1,1,-1,-1,-1,-1
,312.46759,-7.02181,-1,1,0,-1,1,-1,-1
,25.91095,13.52766,-1,1,1,-1,-1,-1,-1
,4.93619,15.85847,-1,1,1,-1,-1,-1,-1
,256.23447,43.24175,-1,1,-1,-1,0,-1,-1
,260.00675,43.31544,-1,1,1,-1,1,0,-1
,39.28305,-2.39438,-1,1,1,-1,-1,-1,-1
,1.38108,-2.89160,-1,1,1,-1,-1,-1,-1
,250.77028,29.15959,-1,1,1,-1,-1,-1,-1
,33.90424,-11.33444,-1,1,0,-1,-1,-1,-1
,220.75766,30.03353,-1,1,1,-1,-1,-1,-1
,336.61231,1.86077,-1,1,1,-1,-1,-1,-1
,116.14626,18.32764,-1,1,1,-1,-1,-1,-1
,353.46885,-1.33301,-1,-1,1,-1,-1,-1,-1
,5.58278,0.00918,-1,1,-1,-1,-1,-1,-1
,163.41055,26.90987,-1,1,1,-1,1,-1,-1
,349.95239,30.41189,-1,1,0,-1,1,-1,-1
,32.37178,4.44715,-1,1,1,-1,1,-1,0
,31.28196,2.35360,-1,1,1,-1,1,-1,-1
,358.71834,-3.76424,-1,0,-1,-1,1,-1,-1
,269.11012,77.75512,-1,1,-1,-1,-1,-1,-1
,5.94125,28.60842,-1,1,1,-1,-1,-1,-1
,330.17083,8.51959,-1,-1,1,-1,-1,-1,-1
,213.56154,35.42366,-1,1,1,-1,-1,-1,-1
,356.08558,11.38277,-1,1,1,-1,-1,-1,-1
,165.30535,6.52205,-1,1,1,-1,-1,-1,-1
,7.90048,0.16834,-1,1,1,1,-1,-1,-1
,229.60584,-0.63993,-1,1,1,-1,1,0,-1
,347.33110,27.59819,-1,1,1,-1,-1,-1,-1
,9.35412,18.98622,-1,1,1,-1,-1,-1,-1
